Lesson,Class,Subject,Course,Teacher
7A-Math-1,7A,Math,7A Math,Cohen
7A-Math-2,7A,Math,7A Math,Cohen
7A-Math-3,7A,Math,7A Math,Cohen
7A-Math-4,7A,Math,7A Math,Cohen
7A-Math-5,7A,Math,7A Math,Cohen
7A-English-1,7A,English,7A English,Mizrahi
7A-English-2,7A,English,7A English,Mizrahi
7A-English-3,7A,English,7A English,Mizrahi
7A-English-4,7A,English,7A English,Mizrahi
7A-Science-1,7A,Science,7A Science,Peretz
7A-Science-2,7A,Science,7A Science,Peretz
7A-Science-3,7A,Science,7A Science,Peretz
7A-Science-4,7A,Science,7A Science,Peretz
7A-History-1,7A,History,7A History,Biton
7A-History-2,7A,History,7A History,Biton
7A-History-3,7A,History,7A History,Biton
7A-Bible-1,7A,Bible,7A Bible,Biton
7A-Bible-2,7A,Bible,7A Bible,Biton
7A-Art-1,7A,Art,7A Art,Dahan
7A-Art-2,7A,Art,7A Art,Dahan
7A-PE-1,7A,PE,7A PE,Dahan
7A-PE-2,7A,PE,7A PE,Dahan
7B-Math-1,7B,Math,7B Math,Cohen
7B-Math-2,7B,Math,7B Math,Cohen
7B-Math-3,7B,Math,7B Math,Cohen
7B-Math-4,7B,Math,7B Math,Cohen
7B-Math-5,7B,Math,7B Math,Cohen
7B-English-1,7B,English,7B English,Mizrahi
7B-English-2,7B,English,7B English,Mizrahi
7B-English-3,7B,English,7B English,Mizrahi
7B-English-4,7B,English,7B English,Mizrahi
7B-Science-1,7B,Science,7B Science,Peretz
7B-Science-2,7B,Science,7B Science,Peretz
7B-Science-3,7B,Science,7B Science,Peretz
7B-Science-4,7B,Science,7B Science,Peretz
7B-History-1,7B,History,7B History,Biton
7B-History-2,7B,History,7B History,Biton
7B-History-3,7B,History,7B History,Biton
7B-Bible-1,7B,Bible,7B Bible,Avraham
7B-Bible-2,7B,Bible,7B Bible,Avraham
7B-Art-1,7B,Art,7B Art,Dahan
7B-Art-2,7B,Art,7B Art,Dahan
7B-PE-1,7B,PE,7B PE,Dahan
7B-PE-2,7B,PE,7B PE,Dahan
7C-Math-1,7C,Math,7C Math,Levi
7C-Math-2,7C,Math,7C Math,Levi
7C-Math-3,7C,Math,7C Math,Levi
7C-Math-4,7C,Math,7C Math,Levi
7C-Math-5,7C,Math,7C Math,Levi
7C-English-1,7C,English,7C English,Mizrahi
7C-English-2,7C,English,7C English,Mizrahi
7C-English-3,7C,English,7C English,Mizrahi
7C-English-4,7C,English,7C English,Mizrahi
7C-Science-1,7C,Science,7C Science,Levi
7C-Science-2,7C,Science,7C Science,Levi
7C-Science-3,7C,Science,7C Science,Levi
7C-Science-4,7C,Science,7C Science,Levi
7C-History-1,7C,History,7C History,Biton
7C-History-2,7C,History,7C History,Biton
7C-History-3,7C,History,7C History,Biton
7C-Bible-1,7C,Bible,7C Bible,Avraham
7C-Bible-2,7C,Bible,7C Bible,Avraham
7C-Art-1,7C,Art,7C Art,Dahan
7C-Art-2,7C,Art,7C Art,Dahan
7C-PE-1,7C,PE,7C PE,Dahan
7C-PE-2,7C,PE,7C PE,Dahan
