Name,Role,Night qualified,Contract,Vacation week,No nights please
Adi,senior,yes,full-time,,yes
Bar,nurse,,full-time,,
Chen,nurse,yes,full-time,,
Dor,aide,,part-time,,
Eden,nurse,yes,full-time,W2,
Gal,senior,,full-time,,
Hila,aide,yes,full-time,,yes
Itay,nurse,,full-time,,
Yoav,nurse,yes,part-time,,
Keren,aide,,full-time,,
Lior,senior,yes,full-time,,
Maya,nurse,,full-time,W3,
Noam,aide,yes,full-time,,
Ofir,nurse,,part-time,,
Paz,nurse,yes,full-time,,yes
Rotem,senior,,full-time,,
Shai,nurse,yes,full-time,,
Tal,nurse,,part-time,,
Uri,aide,yes,full-time,,
Vered,nurse,,full-time,W1,
Yael,senior,yes,full-time,,
Zohar,aide,,full-time,,
Amit,nurse,yes,part-time,,
Ben,nurse,,full-time,W4,
Carmel,aide,yes,full-time,,
